PO_ID,PART_GLOBAL_ID,SUPPLIER_ID,QUANTITY,UNIT_PRICE,TOTAL_AMOUNT,PO_STATUS,CREATED_AT,APPROVED_AT,RECEIVED_AT,IS_MAVERICK
PO000001,G000000000,SUP011,67,25.88,1733.96,received,2025-04-25 00:00:00,2025-04-27 00:00:00,2025-05-10 00:00:00,False
PO000002,G000000001,SUP009,54,271.86,14680.44,received,2025-02-17 00:00:00,2025-02-19 00:00:00,2025-03-12 00:00:00,False
PO000003,G000000002,SUP001,297,101.49,30142.53,approved,2025-10-07 00:00:00,2025-10-11 00:00:00,,False
PO000004,G000000003,SUP010,152,367.1,55799.2,received,2025-03-23 00:00:00,2025-03-27 00:00:00,2025-04-24 00:00:00,True
PO000005,G000000004,SUP004,500,347.12,173560.0,received,2025-07-14 00:00:00,2025-07-15 00:00:00,2025-08-13 00:00:00,False
PO000006,G000000005,SUP010,145,366.1,53084.5,approved,2025-10-02 00:00:00,2025-10-03 00:00:00,,False
PO000007,G000000006,SUP007,50,255.14,12757.0,approved,2025-11-13 00:00:00,2025-11-16 00:00:00,,False
PO000008,G000000007,SUP012,45,34.93,1571.85,received,2025-05-29 00:00:00,2025-05-30 00:00:00,2025-06-20 00:00:00,False
PO000009,G000000008,SUP007,152,212.23,32258.96,approved,2025-03-25 00:00:00,2025-03-28 00:00:00,,False
PO000010,G000000009,SUP011,146,320.29,46762.34,approved,2025-02-06 00:00:00,2025-02-11 00:00:00,,False
PO000011,G000000010,SUP009,383,121.49,46530.67,received,2025-05-19 00:00:00,2025-05-24 00:00:00,2025-06-14 00:00:00,False
PO000012,G000000011,SUP001,127,372.48,47304.96,approved,2025-07-25 00:00:00,2025-07-28 00:00:00,,False
PO000013,G000000012,SUP010,458,327.29,149898.82,received,2025-09-13 00:00:00,2025-09-17 00:00:00,2025-10-23 00:00:00,True
PO000014,G000000013,SUP003,136,339.07,46113.52,received,2025-10-27 00:00:00,2025-10-31 00:00:00,2025-12-14 00:00:00,False
PO000015,G000000014,SUP004,80,236.64,18931.2,received,2025-01-25 00:00:00,2025-01-26 00:00:00,2025-02-11 00:00:00,False
PO000016,G000000015,SUP011,226,274.44,62023.44,received,2025-11-02 00:00:00,2025-11-06 00:00:00,2025-12-16 00:00:00,False
PO000017,G000000016,SUP009,450,424.96,191232.0,approved,2025-02-28 00:00:00,2025-03-05 00:00:00,,False
PO000018,G000000017,SUP011,184,63.53,11689.52,received,2025-08-21 00:00:00,2025-08-22 00:00:00,2025-09-14 00:00:00,False
PO000019,G000000018,SUP003,269,411.99,110825.31,draft,2025-06-02 00:00:00,,,False
PO000020,G000000019,SUP009,321,101.53,32591.13,received,2025-03-24 00:00:00,2025-03-29 00:00:00,2025-05-08 00:00:00,False
PO000021,G000000020,SUP010,175,227.54,39819.5,received,2025-07-05 00:00:00,2025-07-08 00:00:00,2025-07-30 00:00:00,True
PO000022,G000000021,SUP010,494,49.26,24334.44,approved,2025-02-05 00:00:00,2025-02-10 00:00:00,,False
PO000023,G000000022,SUP003,347,221.75,76947.25,received,2025-05-16 00:00:00,2025-05-21 00:00:00,2025-07-05 00:00:00,False
PO000024,G000000023,SUP004,485,249.59,121051.15,approved,2025-04-13 00:00:00,2025-04-16 00:00:00,,False
PO000025,G000000024,SUP011,342,177.44,60684.48,draft,2025-08-20 00:00:00,,,False
PO000026,G000000025,SUP004,42,162.07,6806.94,received,2025-04-28 00:00:00,2025-05-03 00:00:00,2025-05-24 00:00:00,True
PO000027,G000000026,SUP012,333,40.61,13523.13,received,2025-01-17 00:00:00,2025-01-20 00:00:00,2025-01-31 00:00:00,False
PO000028,G000000027,SUP005,352,226.16,79608.32,received,2025-10-20 00:00:00,2025-10-25 00:00:00,2025-12-01 00:00:00,True
PO000029,G000000028,SUP008,423,192.07,81245.61,received,2025-12-04 00:00:00,2025-12-08 00:00:00,2026-01-06 00:00:00,False
PO000030,G000000029,SUP008,452,332.15,150131.8,approved,2025-11-27 00:00:00,2025-11-28 00:00:00,,False
PO000031,G000000030,SUP012,183,363.26,66476.58,received,2025-04-09 00:00:00,2025-04-11 00:00:00,2025-05-22 00:00:00,False
PO000032,G000000031,SUP007,103,136.17,14025.51,received,2025-02-08 00:00:00,2025-02-12 00:00:00,2025-03-26 00:00:00,True
PO000033,G000000032,SUP011,286,378.67,108299.62,draft,2025-05-02 00:00:00,,,False
PO000034,G000000033,SUP008,256,107.98,27642.88,received,2025-01-31 00:00:00,2025-02-02 00:00:00,2025-03-05 00:00:00,True
PO000035,G000000034,SUP007,145,418.04,60615.8,approved,2025-05-27 00:00:00,2025-05-31 00:00:00,,False
PO000036,G000000035,SUP012,411,256.76,105528.36,approved,2025-03-21 00:00:00,2025-03-23 00:00:00,,True
PO000037,G000000036,SUP001,306,335.05,102525.3,received,2025-06-10 00:00:00,2025-06-11 00:00:00,2025-06-21 00:00:00,False
PO000038,G000000037,SUP009,480,385.93,185246.4,received,2025-09-18 00:00:00,2025-09-19 00:00:00,2025-10-07 00:00:00,False
PO000039,G000000038,SUP002,355,389.89,138410.95,received,2025-10-19 00:00:00,2025-10-21 00:00:00,2025-12-04 00:00:00,False
PO000040,G000000039,SUP010,51,197.36,10065.36,received,2025-09-25 00:00:00,2025-09-28 00:00:00,2025-10-21 00:00:00,True
PO000041,G000000040,SUP012,170,118.83,20201.1,received,2025-12-10 00:00:00,2025-12-13 00:00:00,2026-01-18 00:00:00,True
PO000042,G000000041,SUP002,14,214.35,3000.9,draft,2025-02-21 00:00:00,,,True
PO000043,G000000042,SUP004,269,130.36,35066.84,draft,2025-02-05 00:00:00,,,False
PO000044,G000000043,SUP006,155,83.62,12961.1,approved,2025-06-04 00:00:00,2025-06-09 00:00:00,,False
PO000045,G000000044,SUP011,280,18.4,5152.0,approved,2025-06-03 00:00:00,2025-06-04 00:00:00,,False
PO000046,G000000045,SUP003,145,65.21,9455.45,received,2025-10-11 00:00:00,2025-10-13 00:00:00,2025-11-06 00:00:00,True
PO000047,G000000046,SUP004,377,164.15,61884.55,approved,2025-05-16 00:00:00,2025-05-21 00:00:00,,False
PO000048,G000000047,SUP001,57,290.91,16581.87,approved,2025-01-23 00:00:00,2025-01-24 00:00:00,,False
PO000049,G000000048,SUP003,336,441.21,148246.56,received,2025-08-15 00:00:00,2025-08-20 00:00:00,2025-09-23 00:00:00,False
PO000050,G000000049,SUP002,48,426.1,20452.8,approved,2025-03-18 00:00:00,2025-03-23 00:00:00,,True
PO000051,G000000050,SUP006,308,255.35,78647.8,received,2025-01-22 00:00:00,2025-01-25 00:00:00,2025-02-24 00:00:00,False
PO000052,G000000051,SUP001,470,170.65,80205.5,approved,2025-12-08 00:00:00,2025-12-09 00:00:00,,False
PO000053,G000000052,SUP009,462,395.5,182721.0,draft,2025-03-21 00:00:00,,,False
PO000054,G000000053,SUP004,452,85.69,38731.88,approved,2025-04-01 00:00:00,2025-04-05 00:00:00,,True
PO000055,G000000054,SUP012,483,159.5,77038.5,draft,2025-12-09 00:00:00,,,False
PO000056,G000000055,SUP004,146,84.25,12300.5,approved,2025-07-15 00:00:00,2025-07-16 00:00:00,,False
PO000057,G000000056,SUP004,112,370.22,41464.64,received,2025-06-06 00:00:00,2025-06-08 00:00:00,2025-06-29 00:00:00,True
PO000058,G000000057,SUP004,214,157.79,33767.06,draft,2025-05-23 00:00:00,,,False
PO000059,G000000058,SUP009,214,310.59,66466.26,approved,2025-06-19 00:00:00,2025-06-20 00:00:00,,False
PO000060,G000000059,SUP005,101,267.56,27023.56,draft,2025-01-20 00:00:00,,,True
PO000061,G000000060,SUP007,186,331.92,61737.12,received,2025-11-07 00:00:00,2025-11-12 00:00:00,2025-11-26 00:00:00,False
PO000062,G000000061,SUP010,107,125.8,13460.6,approved,2025-01-01 00:00:00,2025-01-06 00:00:00,,False
PO000063,G000000062,SUP009,361,327.95,118389.95,approved,2025-12-10 00:00:00,2025-12-12 00:00:00,,False
PO000064,G000000063,SUP002,495,303.94,150450.3,received,2025-06-10 00:00:00,2025-06-11 00:00:00,2025-07-07 00:00:00,False
PO000065,G000000064,SUP011,219,156.89,34358.91,approved,2025-10-11 00:00:00,2025-10-13 00:00:00,,False
PO000066,G000000065,SUP011,491,179.93,88345.63,approved,2025-03-31 00:00:00,2025-04-05 00:00:00,,False
PO000067,G000000066,SUP007,290,377.67,109524.3,received,2025-04-18 00:00:00,2025-04-22 00:00:00,2025-06-05 00:00:00,False
PO000068,G000000067,SUP006,248,207.18,51380.64,approved,2025-09-19 00:00:00,2025-09-23 00:00:00,,False
PO000069,G000000068,SUP012,96,301.6,28953.6,received,2025-12-06 00:00:00,2025-12-11 00:00:00,2026-01-08 00:00:00,True
PO000070,G000000069,SUP004,354,150.03,53110.62,approved,2025-03-17 00:00:00,2025-03-18 00:00:00,,True
PO000071,G000000070,SUP008,322,384.64,123854.08,received,2025-08-01 00:00:00,2025-08-06 00:00:00,2025-08-25 00:00:00,False
PO000072,G000000071,SUP007,263,188.85,49667.55,received,2025-01-03 00:00:00,2025-01-04 00:00:00,2025-02-07 00:00:00,True
PO000073,G000000072,SUP012,275,217.08,59697.0,received,2025-03-04 00:00:00,2025-03-08 00:00:00,2025-03-23 00:00:00,False
PO000074,G000000073,SUP011,281,444.73,124969.13,received,2025-08-15 00:00:00,2025-08-20 00:00:00,2025-09-28 00:00:00,False
PO000075,G000000074,SUP009,238,405.29,96459.02,approved,2025-09-01 00:00:00,2025-09-05 00:00:00,,False
PO000076,G000000075,SUP004,440,292.38,128647.2,approved,2025-09-24 00:00:00,2025-09-28 00:00:00,,False
PO000077,G000000076,SUP005,235,48.71,11446.85,received,2025-05-20 00:00:00,2025-05-23 00:00:00,2025-06-19 00:00:00,False
PO000078,G000000077,SUP002,80,80.61,6448.8,received,2025-03-20 00:00:00,2025-03-22 00:00:00,2025-04-02 00:00:00,False
PO000079,G000000078,SUP006,287,217.68,62474.16,received,2025-08-04 00:00:00,2025-08-08 00:00:00,2025-09-21 00:00:00,False
PO000080,G000000079,SUP001,448,398.09,178344.32,received,2025-09-02 00:00:00,2025-09-03 00:00:00,2025-10-02 00:00:00,False
PO000081,G000000080,SUP007,446,402.86,179675.56,approved,2025-10-03 00:00:00,2025-10-08 00:00:00,,False
PO000082,G000000081,SUP004,259,110.45,28606.55,received,2025-01-15 00:00:00,2025-01-19 00:00:00,2025-02-16 00:00:00,False
PO000083,G000000082,SUP007,380,86.79,32980.2,received,2025-03-07 00:00:00,2025-03-12 00:00:00,2025-04-22 00:00:00,True
PO000084,G000000083,SUP007,313,260.51,81539.63,received,2025-11-26 00:00:00,2025-11-30 00:00:00,2025-12-15 00:00:00,False
PO000085,G000000084,SUP003,35,128.17,4485.95,received,2025-08-21 00:00:00,2025-08-24 00:00:00,2025-09-21 00:00:00,False
PO000086,G000000085,SUP007,152,342.12,52002.24,approved,2025-05-10 00:00:00,2025-05-11 00:00:00,,False
PO000087,G000000086,SUP012,286,37.66,10770.76,draft,2025-04-25 00:00:00,,,False
PO000088,G000000087,SUP011,30,343.09,10292.7,draft,2025-04-13 00:00:00,,,False
PO000089,G000000088,SUP010,88,118.77,10451.76,received,2025-02-28 00:00:00,2025-03-05 00:00:00,2025-03-25 00:00:00,False
PO000090,G000000089,SUP005,402,175.47,70538.94,approved,2025-02-28 00:00:00,2025-03-02 00:00:00,,False
PO000091,G000000090,SUP002,306,26.17,8008.02,received,2025-12-13 00:00:00,2025-12-17 00:00:00,2026-01-18 00:00:00,False
PO000092,G000000091,SUP004,48,272.56,13082.88,approved,2025-05-05 00:00:00,2025-05-06 00:00:00,,False
PO000093,G000000092,SUP005,445,312.65,139129.25,approved,2025-10-17 00:00:00,2025-10-18 00:00:00,,True
PO000094,G000000093,SUP007,348,176.2,61317.6,received,2025-06-24 00:00:00,2025-06-25 00:00:00,2025-07-28 00:00:00,False
PO000095,G000000094,SUP002,231,432.94,100009.14,approved,2025-08-24 00:00:00,2025-08-26 00:00:00,,False
PO000096,G000000095,SUP012,277,434.98,120489.46,received,2025-10-03 00:00:00,2025-10-07 00:00:00,2025-11-12 00:00:00,False
PO000097,G000000096,SUP012,313,131.75,41237.75,draft,2025-02-14 00:00:00,,,True
PO000098,G000000097,SUP008,134,341.46,45755.64,received,2025-12-09 00:00:00,2025-12-13 00:00:00,2026-01-10 00:00:00,True
PO000099,G000000098,SUP006,103,227.08,23389.24,received,2025-05-13 00:00:00,2025-05-16 00:00:00,2025-06-09 00:00:00,False
PO000100,G000000099,SUP012,460,135.18,62182.8,received,2025-04-08 00:00:00,2025-04-09 00:00:00,2025-05-01 00:00:00,False
PO000101,G000000100,SUP008,294,344.8,101371.2,approved,2025-11-27 00:00:00,2025-12-01 00:00:00,,False
PO000102,G000000101,SUP001,57,142.99,8150.43,received,2025-05-05 00:00:00,2025-05-08 00:00:00,2025-06-21 00:00:00,False
PO000103,G000000102,SUP009,281,164.53,46232.93,draft,2025-10-09 00:00:00,,,False
PO000104,G000000103,SUP012,242,132.85,32149.7,received,2025-03-03 00:00:00,2025-03-05 00:00:00,2025-04-01 00:00:00,True
PO000105,G000000104,SUP009,496,346.55,171888.8,received,2025-04-21 00:00:00,2025-04-25 00:00:00,2025-05-19 00:00:00,False
PO000106,G000000105,SUP009,315,138.1,43501.5,received,2025-04-10 00:00:00,2025-04-13 00:00:00,2025-05-04 00:00:00,False
PO000107,G000000106,SUP005,17,322.99,5490.83,received,2025-01-24 00:00:00,2025-01-25 00:00:00,2025-03-08 00:00:00,True
PO000108,G000000107,SUP003,336,392.78,131974.08,received,2025-01-07 00:00:00,2025-01-12 00:00:00,2025-02-06 00:00:00,False
PO000109,G000000108,SUP008,184,95.2,17516.8,received,2025-09-02 00:00:00,2025-09-03 00:00:00,2025-09-14 00:00:00,False
PO000110,G000000109,SUP002,305,288.81,88087.05,received,2025-03-18 00:00:00,2025-03-23 00:00:00,2025-04-18 00:00:00,True
PO000111,G000000110,SUP004,70,257.76,18043.2,received,2025-11-02 00:00:00,2025-11-07 00:00:00,2025-11-28 00:00:00,False
PO000112,G000000111,SUP007,240,410.2,98448.0,received,2025-10-29 00:00:00,2025-11-02 00:00:00,2025-11-28 00:00:00,False
PO000113,G000000112,SUP001,322,432.65,139313.3,received,2025-04-17 00:00:00,2025-04-19 00:00:00,2025-05-12 00:00:00,False
PO000114,G000000113,SUP003,132,90.61,11960.52,received,2025-01-02 00:00:00,2025-01-06 00:00:00,2025-02-10 00:00:00,False
PO000115,G000000114,SUP008,159,29.2,4642.8,received,2025-05-25 00:00:00,2025-05-29 00:00:00,2025-06-09 00:00:00,False
PO000116,G000000115,SUP005,413,359.19,148345.47,received,2025-04-12 00:00:00,2025-04-16 00:00:00,2025-04-30 00:00:00,False
PO000117,G000000116,SUP011,86,410.16,35273.76,approved,2025-02-06 00:00:00,2025-02-07 00:00:00,,False
PO000118,G000000117,SUP005,314,340.8,107011.2,received,2025-05-28 00:00:00,2025-06-01 00:00:00,2025-06-15 00:00:00,False
PO000119,G000000118,SUP005,368,190.09,69953.12,received,2025-10-04 00:00:00,2025-10-08 00:00:00,2025-11-12 00:00:00,True
PO000120,G000000119,SUP001,465,202.93,94362.45,received,2025-05-09 00:00:00,2025-05-10 00:00:00,2025-05-22 00:00:00,False
PO000121,G000000120,SUP011,438,389.32,170522.16,received,2025-01-11 00:00:00,2025-01-14 00:00:00,2025-02-26 00:00:00,True
PO000122,G000000121,SUP003,250,240.75,60187.5,received,2025-05-23 00:00:00,2025-05-25 00:00:00,2025-07-08 00:00:00,False
PO000123,G000000122,SUP008,56,219.45,12289.2,received,2025-06-14 00:00:00,2025-06-15 00:00:00,2025-07-02 00:00:00,False
PO000124,G000000123,SUP012,263,140.37,36917.31,draft,2025-10-09 00:00:00,,,True
PO000125,G000000124,SUP002,171,124.79,21339.09,received,2025-07-26 00:00:00,2025-07-31 00:00:00,2025-08-07 00:00:00,False
PO000126,G000000125,SUP009,246,194.76,47910.96,received,2025-07-05 00:00:00,2025-07-10 00:00:00,2025-08-17 00:00:00,False
PO000127,G000000126,SUP001,114,131.17,14953.38,received,2025-05-28 00:00:00,2025-06-01 00:00:00,2025-07-09 00:00:00,False
PO000128,G000000127,SUP011,321,362.7,116426.7,approved,2025-06-09 00:00:00,2025-06-14 00:00:00,,True
PO000129,G000000128,SUP007,57,112.74,6426.18,approved,2025-02-28 00:00:00,2025-03-04 00:00:00,,False
PO000130,G000000129,SUP011,436,81.98,35743.28,draft,2025-05-30 00:00:00,,,False
PO000131,G000000130,SUP005,222,378.1,83938.2,draft,2025-05-05 00:00:00,,,False
PO000132,G000000131,SUP003,206,97.92,20171.52,received,2025-03-11 00:00:00,2025-03-12 00:00:00,2025-04-05 00:00:00,False
PO000133,G000000132,SUP007,184,421.4,77537.6,received,2025-01-02 00:00:00,2025-01-05 00:00:00,2025-01-31 00:00:00,False
PO000134,G000000133,SUP010,347,227.99,79112.53,received,2025-10-03 00:00:00,2025-10-07 00:00:00,2025-11-05 00:00:00,True
PO000135,G000000134,SUP009,203,213.07,43253.21,received,2025-04-07 00:00:00,2025-04-09 00:00:00,2025-05-22 00:00:00,False
PO000136,G000000135,SUP007,32,153.41,4909.12,received,2025-07-15 00:00:00,2025-07-19 00:00:00,2025-08-04 00:00:00,False
PO000137,G000000136,SUP001,74,233.5,17279.0,received,2025-02-21 00:00:00,2025-02-25 00:00:00,2025-03-10 00:00:00,False
PO000138,G000000137,SUP008,17,329.26,5597.42,received,2025-12-02 00:00:00,2025-12-04 00:00:00,2025-12-15 00:00:00,False
PO000139,G000000138,SUP005,183,286.12,52359.96,received,2025-02-11 00:00:00,2025-02-14 00:00:00,2025-03-27 00:00:00,False
PO000140,G000000139,SUP006,330,327.64,108121.2,approved,2025-10-05 00:00:00,2025-10-06 00:00:00,,False
PO000141,G000000140,SUP004,333,312.71,104132.43,received,2025-04-27 00:00:00,2025-04-28 00:00:00,2025-06-01 00:00:00,False
PO000142,G000000141,SUP011,370,394.57,145990.9,received,2025-06-03 00:00:00,2025-06-04 00:00:00,2025-06-13 00:00:00,False
PO000143,G000000142,SUP001,160,170.93,27348.8,received,2025-05-06 00:00:00,2025-05-11 00:00:00,2025-06-13 00:00:00,False
PO000144,G000000143,SUP003,97,91.16,8842.52,approved,2025-07-15 00:00:00,2025-07-20 00:00:00,,False
PO000145,G000000144,SUP008,477,268.67,128155.59,received,2025-11-23 00:00:00,2025-11-26 00:00:00,2026-01-01 00:00:00,False
PO000146,G000000145,SUP001,470,365.02,171559.4,draft,2025-12-13 00:00:00,,,False
PO000147,G000000146,SUP002,236,426.18,100578.48,draft,2025-06-03 00:00:00,,,False
PO000148,G000000147,SUP007,363,123.79,44935.77,approved,2025-04-12 00:00:00,2025-04-16 00:00:00,,False
PO000149,G000000148,SUP002,131,180.89,23696.59,received,2025-06-01 00:00:00,2025-06-04 00:00:00,2025-06-12 00:00:00,False
PO000150,G000000149,SUP011,212,134.4,28492.8,received,2025-01-26 00:00:00,2025-01-31 00:00:00,2025-03-10 00:00:00,False
PO000151,G000000150,SUP005,407,362.5,147537.5,approved,2025-06-30 00:00:00,2025-07-02 00:00:00,,False
PO000152,G000000151,SUP010,138,309.83,42756.54,approved,2025-12-04 00:00:00,2025-12-06 00:00:00,,False
PO000153,G000000152,SUP011,340,32.15,10931.0,approved,2025-01-18 00:00:00,2025-01-23 00:00:00,,False
PO000154,G000000153,SUP003,56,410.69,22998.64,received,2025-08-01 00:00:00,2025-08-03 00:00:00,2025-08-22 00:00:00,True
PO000155,G000000154,SUP009,458,437.6,200420.8,received,2025-05-20 00:00:00,2025-05-22 00:00:00,2025-06-14 00:00:00,False
PO000156,G000000155,SUP008,422,143.39,60510.58,draft,2025-02-28 00:00:00,,,False
PO000157,G000000156,SUP002,82,343.06,28130.92,received,2025-12-13 00:00:00,2025-12-17 00:00:00,2026-01-28 00:00:00,False
PO000158,G000000157,SUP007,17,130.04,2210.68,received,2025-07-08 00:00:00,2025-07-11 00:00:00,2025-08-24 00:00:00,False
PO000159,G000000158,SUP011,491,176.59,86705.69,approved,2025-08-30 00:00:00,2025-08-31 00:00:00,,False
PO000160,G000000159,SUP009,177,413.14,73125.78,received,2025-02-02 00:00:00,2025-02-06 00:00:00,2025-03-04 00:00:00,False
PO000161,G000000160,SUP002,81,34.73,2813.13,received,2025-09-10 00:00:00,2025-09-11 00:00:00,2025-09-24 00:00:00,True
PO000162,G000000161,SUP009,79,184.06,14540.74,received,2025-10-04 00:00:00,2025-10-08 00:00:00,2025-11-21 00:00:00,False
PO000163,G000000162,SUP003,463,195.47,90502.61,received,2025-09-08 00:00:00,2025-09-13 00:00:00,2025-10-16 00:00:00,False
PO000164,G000000163,SUP005,26,315.27,8197.02,received,2025-08-16 00:00:00,2025-08-18 00:00:00,2025-09-17 00:00:00,True
PO000165,G000000164,SUP011,198,251.84,49864.32,draft,2025-07-03 00:00:00,,,False
PO000166,G000000165,SUP005,107,436.17,46670.19,draft,2025-08-21 00:00:00,,,True
PO000167,G000000166,SUP004,338,293.18,99094.84,draft,2025-01-26 00:00:00,,,False
PO000168,G000000167,SUP004,74,357.34,26443.16,received,2025-10-11 00:00:00,2025-10-13 00:00:00,2025-11-26 00:00:00,False
PO000169,G000000168,SUP004,178,351.85,62629.3,approved,2025-11-02 00:00:00,2025-11-03 00:00:00,,False
PO000170,G000000169,SUP003,76,249.99,18999.24,approved,2025-02-26 00:00:00,2025-02-27 00:00:00,,True
PO000171,G000000170,SUP006,414,357.97,148199.58,received,2025-01-09 00:00:00,2025-01-11 00:00:00,2025-02-03 00:00:00,False
PO000172,G000000171,SUP012,225,243.85,54866.25,approved,2025-09-01 00:00:00,2025-09-05 00:00:00,,False
PO000173,G000000172,SUP009,313,62.44,19543.72,received,2025-11-11 00:00:00,2025-11-12 00:00:00,2025-12-22 00:00:00,False
PO000174,G000000173,SUP011,25,41.46,1036.5,received,2025-07-25 00:00:00,2025-07-29 00:00:00,2025-08-11 00:00:00,False
PO000175,G000000174,SUP008,47,406.18,19090.46,received,2025-03-17 00:00:00,2025-03-18 00:00:00,2025-04-02 00:00:00,False
PO000176,G000000175,SUP011,309,253.54,78343.86,received,2025-11-02 00:00:00,2025-11-07 00:00:00,2025-12-02 00:00:00,False
PO000177,G000000176,SUP010,230,58.14,13372.2,approved,2025-12-02 00:00:00,2025-12-07 00:00:00,,False
PO000178,G000000177,SUP004,230,211.43,48628.9,received,2025-06-23 00:00:00,2025-06-27 00:00:00,2025-07-29 00:00:00,False
PO000179,G000000178,SUP002,170,200.64,34108.8,approved,2025-07-11 00:00:00,2025-07-13 00:00:00,,False
PO000180,G000000179,SUP008,44,54.68,2405.92,received,2025-08-10 00:00:00,2025-08-11 00:00:00,2025-09-10 00:00:00,False
PO000181,G000000180,SUP009,40,270.11,10804.4,received,2025-06-18 00:00:00,2025-06-19 00:00:00,2025-07-22 00:00:00,False
PO000182,G000000181,SUP011,491,341.37,167612.67,draft,2025-01-27 00:00:00,,,False
PO000183,G000000182,SUP010,169,167.97,28386.93,received,2025-04-19 00:00:00,2025-04-21 00:00:00,2025-05-28 00:00:00,True
PO000184,G000000183,SUP002,189,382.74,72337.86,received,2025-05-23 00:00:00,2025-05-28 00:00:00,2025-06-18 00:00:00,False
PO000185,G000000184,SUP009,402,371.02,149150.04,approved,2025-11-26 00:00:00,2025-12-01 00:00:00,,True
PO000186,G000000185,SUP011,434,316.66,137430.44,received,2025-05-20 00:00:00,2025-05-23 00:00:00,2025-06-20 00:00:00,False
PO000187,G000000186,SUP003,455,77.31,35176.05,approved,2025-02-05 00:00:00,2025-02-07 00:00:00,,False
PO000188,G000000187,SUP001,56,339.56,19015.36,received,2025-08-03 00:00:00,2025-08-07 00:00:00,2025-09-04 00:00:00,False
PO000189,G000000188,SUP005,379,156.11,59165.69,draft,2025-11-02 00:00:00,,,True
PO000190,G000000189,SUP001,89,83.47,7428.83,approved,2025-12-12 00:00:00,2025-12-13 00:00:00,,False
PO000191,G000000190,SUP011,227,226.26,51361.02,received,2025-05-20 00:00:00,2025-05-22 00:00:00,2025-06-30 00:00:00,False
PO000192,G000000191,SUP007,66,138.21,9121.86,approved,2025-09-07 00:00:00,2025-09-12 00:00:00,,False
PO000193,G000000192,SUP001,122,186.94,22806.68,received,2025-01-04 00:00:00,2025-01-06 00:00:00,2025-02-01 00:00:00,False
PO000194,G000000193,SUP003,401,126.15,50586.15,received,2025-01-04 00:00:00,2025-01-08 00:00:00,2025-02-11 00:00:00,True
PO000195,G000000194,SUP007,282,321.1,90550.2,received,2025-12-09 00:00:00,2025-12-12 00:00:00,2025-12-23 00:00:00,False
PO000196,G000000195,SUP012,31,204.76,6347.56,received,2025-02-09 00:00:00,2025-02-12 00:00:00,2025-03-27 00:00:00,False
PO000197,G000000196,SUP007,373,293.46,109460.58,received,2025-07-27 00:00:00,2025-07-28 00:00:00,2025-08-24 00:00:00,True
PO000198,G000000197,SUP010,245,376.93,92347.85,draft,2025-02-15 00:00:00,,,False
PO000199,G000000198,SUP002,134,204.52,27405.68,received,2025-02-10 00:00:00,2025-02-14 00:00:00,2025-03-12 00:00:00,False
PO000200,G000000199,SUP004,180,353.92,63705.6,received,2025-11-21 00:00:00,2025-11-22 00:00:00,2026-01-01 00:00:00,False
PO000201,G000000200,SUP006,189,331.41,62636.49,approved,2025-03-17 00:00:00,2025-03-19 00:00:00,,False
PO000202,G000000201,SUP005,111,90.47,10042.17,received,2025-12-02 00:00:00,2025-12-03 00:00:00,2025-12-21 00:00:00,False
PO000203,G000000202,SUP011,262,216.82,56806.84,received,2025-10-24 00:00:00,2025-10-28 00:00:00,2025-12-10 00:00:00,False
PO000204,G000000203,SUP010,175,390.95,68416.25,approved,2025-03-19 00:00:00,2025-03-23 00:00:00,,True
PO000205,G000000204,SUP008,333,146.73,48861.09,received,2025-01-29 00:00:00,2025-02-01 00:00:00,2025-03-12 00:00:00,False
PO000206,G000000205,SUP008,241,31.36,7557.76,received,2025-05-27 00:00:00,2025-05-28 00:00:00,2025-06-09 00:00:00,False
PO000207,G000000206,SUP009,206,216.28,44553.68,received,2025-01-22 00:00:00,2025-01-26 00:00:00,2025-03-10 00:00:00,False
PO000208,G000000207,SUP006,319,221.9,70786.1,received,2025-02-01 00:00:00,2025-02-05 00:00:00,2025-02-18 00:00:00,False
PO000209,G000000208,SUP006,375,51.68,19380.0,approved,2025-01-21 00:00:00,2025-01-23 00:00:00,,False
PO000210,G000000209,SUP008,278,242.4,67387.2,received,2025-07-10 00:00:00,2025-07-13 00:00:00,2025-08-13 00:00:00,False
PO000211,G000000210,SUP006,357,275.08,98203.56,approved,2025-11-28 00:00:00,2025-12-01 00:00:00,,False
PO000212,G000000211,SUP002,295,310.1,91479.5,received,2025-12-03 00:00:00,2025-12-08 00:00:00,2025-12-24 00:00:00,True
PO000213,G000000212,SUP010,349,76.52,26705.48,received,2025-12-02 00:00:00,2025-12-06 00:00:00,2025-12-21 00:00:00,False
PO000214,G000000213,SUP002,168,258.13,43365.84,approved,2025-06-18 00:00:00,2025-06-20 00:00:00,,False
PO000215,G000000214,SUP012,360,411.91,148287.6,received,2025-12-10 00:00:00,2025-12-14 00:00:00,2026-01-22 00:00:00,False
PO000216,G000000215,SUP006,168,93.41,15692.88,received,2025-09-06 00:00:00,2025-09-08 00:00:00,2025-09-29 00:00:00,False
PO000217,G000000216,SUP003,49,143.67,7039.83,approved,2025-09-17 00:00:00,2025-09-22 00:00:00,,False
PO000218,G000000217,SUP009,29,302.94,8785.26,draft,2025-11-13 00:00:00,,,False
PO000219,G000000218,SUP007,88,85.58,7531.04,approved,2025-11-16 00:00:00,2025-11-18 00:00:00,,False
PO000220,G000000219,SUP001,220,173.47,38163.4,approved,2025-08-16 00:00:00,2025-08-21 00:00:00,,False
PO000221,G000000220,SUP012,411,210.28,86425.08,received,2025-06-08 00:00:00,2025-06-12 00:00:00,2025-07-01 00:00:00,False
PO000222,G000000221,SUP010,235,215.83,50720.05,received,2025-07-15 00:00:00,2025-07-20 00:00:00,2025-08-29 00:00:00,False
PO000223,G000000222,SUP003,428,101.87,43600.36,approved,2025-05-09 00:00:00,2025-05-10 00:00:00,,False
PO000224,G000000223,SUP006,293,421.42,123476.06,approved,2025-09-22 00:00:00,2025-09-23 00:00:00,,False
PO000225,G000000224,SUP003,149,210.45,31357.05,received,2025-08-12 00:00:00,2025-08-13 00:00:00,2025-09-03 00:00:00,False
PO000226,G000000225,SUP006,486,26.6,12927.6,received,2025-09-15 00:00:00,2025-09-18 00:00:00,2025-10-10 00:00:00,False
PO000227,G000000226,SUP002,201,112.67,22646.67,received,2025-02-20 00:00:00,2025-02-23 00:00:00,2025-03-11 00:00:00,True
PO000228,G000000227,SUP005,479,375.95,180080.05,approved,2025-03-13 00:00:00,2025-03-17 00:00:00,,False
PO000229,G000000228,SUP001,473,49.46,23394.58,received,2025-03-18 00:00:00,2025-03-23 00:00:00,2025-05-07 00:00:00,False
PO000230,G000000229,SUP002,407,140.32,57110.24,received,2025-01-25 00:00:00,2025-01-27 00:00:00,2025-03-01 00:00:00,False
PO000231,G000000230,SUP010,244,42.32,10326.08,approved,2025-09-13 00:00:00,2025-09-18 00:00:00,,False
PO000232,G000000231,SUP011,273,265.15,72385.95,approved,2025-05-30 00:00:00,2025-06-03 00:00:00,,True
PO000233,G000000232,SUP006,133,263.24,35010.92,received,2025-12-09 00:00:00,2025-12-10 00:00:00,2026-01-19 00:00:00,False
PO000234,G000000233,SUP002,498,243.84,121432.32,received,2025-09-17 00:00:00,2025-09-22 00:00:00,2025-09-30 00:00:00,False
PO000235,G000000234,SUP008,32,291.52,9328.64,draft,2025-05-10 00:00:00,,,False
PO000236,G000000235,SUP006,413,44.39,18333.07,received,2025-12-03 00:00:00,2025-12-04 00:00:00,2026-01-17 00:00:00,False
PO000237,G000000236,SUP006,78,34.29,2674.62,received,2025-11-26 00:00:00,2025-11-28 00:00:00,2026-01-03 00:00:00,False
PO000238,G000000237,SUP008,333,94.29,31398.57,received,2025-08-23 00:00:00,2025-08-24 00:00:00,2025-09-18 00:00:00,False
PO000239,G000000238,SUP004,463,33.23,15385.49,draft,2025-09-21 00:00:00,,,False
PO000240,G000000239,SUP009,252,125.19,31547.88,approved,2025-04-08 00:00:00,2025-04-11 00:00:00,,False
PO000241,G000000240,SUP001,453,300.24,136008.72,received,2025-07-08 00:00:00,2025-07-12 00:00:00,2025-08-13 00:00:00,False
PO000242,G000000241,SUP007,183,438.57,80258.31,received,2025-09-12 00:00:00,2025-09-15 00:00:00,2025-10-25 00:00:00,True
PO000243,G000000242,SUP002,382,199.66,76270.12,received,2025-04-03 00:00:00,2025-04-08 00:00:00,2025-05-03 00:00:00,True
PO000244,G000000243,SUP002,177,302.5,53542.5,received,2025-11-05 00:00:00,2025-11-09 00:00:00,2025-11-26 00:00:00,False
PO000245,G000000244,SUP006,238,33.42,7953.96,draft,2025-06-30 00:00:00,,,False
PO000246,G000000245,SUP007,150,293.17,43975.5,approved,2025-01-30 00:00:00,2025-01-31 00:00:00,,False
PO000247,G000000246,SUP007,196,238.19,46685.24,approved,2025-03-23 00:00:00,2025-03-24 00:00:00,,True
PO000248,G000000247,SUP010,357,354.87,126688.59,received,2025-02-04 00:00:00,2025-02-06 00:00:00,2025-03-08 00:00:00,False
PO000249,G000000248,SUP010,26,278.22,7233.72,approved,2025-07-09 00:00:00,2025-07-12 00:00:00,,False
PO000250,G000000249,SUP002,303,74.9,22694.7,received,2025-06-10 00:00:00,2025-06-13 00:00:00,2025-07-05 00:00:00,False
PO000251,G000000250,SUP001,386,95.93,37028.98,received,2025-10-15 00:00:00,2025-10-16 00:00:00,2025-11-08 00:00:00,False
PO000252,G000000251,SUP012,238,108.34,25784.92,approved,2025-09-09 00:00:00,2025-09-11 00:00:00,,True
PO000253,G000000252,SUP002,241,90.11,21716.51,approved,2025-02-14 00:00:00,2025-02-17 00:00:00,,False
PO000254,G000000253,SUP012,43,254.25,10932.75,received,2025-06-03 00:00:00,2025-06-05 00:00:00,2025-06-23 00:00:00,False
PO000255,G000000254,SUP009,124,67.79,8405.96,received,2025-03-13 00:00:00,2025-03-15 00:00:00,2025-04-22 00:00:00,True
PO000256,G000000255,SUP009,303,175.48,53170.44,approved,2025-10-10 00:00:00,2025-10-12 00:00:00,,False
PO000257,G000000256,SUP002,43,149.54,6430.22,draft,2025-09-03 00:00:00,,,False
PO000258,G000000257,SUP007,431,265.08,114249.48,received,2025-06-12 00:00:00,2025-06-13 00:00:00,2025-07-18 00:00:00,False
PO000259,G000000258,SUP009,186,70.83,13174.38,approved,2025-10-10 00:00:00,2025-10-15 00:00:00,,False
PO000260,G000000259,SUP003,231,233.75,53996.25,draft,2025-03-05 00:00:00,,,False
PO000261,G000000260,SUP005,94,85.46,8033.24,draft,2025-04-26 00:00:00,,,True
PO000262,G000000261,SUP009,468,138.56,64846.08,received,2025-04-11 00:00:00,2025-04-16 00:00:00,2025-05-10 00:00:00,False
PO000263,G000000262,SUP005,324,247.06,80047.44,received,2025-03-28 00:00:00,2025-04-02 00:00:00,2025-05-16 00:00:00,True
PO000264,G000000263,SUP011,329,328.48,108069.92,approved,2025-10-16 00:00:00,2025-10-17 00:00:00,,False
PO000265,G000000264,SUP001,51,34.78,1773.78,approved,2025-10-23 00:00:00,2025-10-26 00:00:00,,False
PO000266,G000000265,SUP010,223,283.88,63305.24,received,2025-11-18 00:00:00,2025-11-23 00:00:00,2025-12-18 00:00:00,False
PO000267,G000000266,SUP005,257,121.52,31230.64,approved,2025-07-27 00:00:00,2025-07-30 00:00:00,,False
PO000268,G000000267,SUP012,40,83.76,3350.4,received,2025-08-26 00:00:00,2025-08-28 00:00:00,2025-09-25 00:00:00,False
PO000269,G000000268,SUP006,451,327.49,147697.99,approved,2025-06-26 00:00:00,2025-06-30 00:00:00,,False
PO000270,G000000269,SUP006,273,259.32,70794.36,received,2025-08-27 00:00:00,2025-08-28 00:00:00,2025-09-21 00:00:00,False
PO000271,G000000270,SUP003,59,37.01,2183.59,draft,2025-11-12 00:00:00,,,False
PO000272,G000000271,SUP003,426,157.43,67065.18,received,2025-06-10 00:00:00,2025-06-12 00:00:00,2025-06-29 00:00:00,False
PO000273,G000000272,SUP009,249,231.96,57758.04,received,2025-01-12 00:00:00,2025-01-13 00:00:00,2025-02-14 00:00:00,False
PO000274,G000000273,SUP004,120,268.75,32250.0,received,2025-05-25 00:00:00,2025-05-29 00:00:00,2025-07-13 00:00:00,False
PO000275,G000000274,SUP011,354,219.71,77777.34,received,2025-02-25 00:00:00,2025-03-01 00:00:00,2025-03-16 00:00:00,False
PO000276,G000000275,SUP012,197,347.28,68414.16,received,2025-07-25 00:00:00,2025-07-26 00:00:00,2025-09-07 00:00:00,False
PO000277,G000000276,SUP006,293,140.54,41178.22,received,2025-08-19 00:00:00,2025-08-24 00:00:00,2025-09-17 00:00:00,False
PO000278,G000000277,SUP010,358,280.8,100526.4,received,2025-02-19 00:00:00,2025-02-23 00:00:00,2025-03-25 00:00:00,False
PO000279,G000000278,SUP006,295,423.44,124914.8,approved,2025-04-12 00:00:00,2025-04-17 00:00:00,,False
PO000280,G000000279,SUP009,30,34.71,1041.3,received,2025-06-20 00:00:00,2025-06-24 00:00:00,2025-08-03 00:00:00,False
PO000281,G000000280,SUP010,467,239.24,111725.08,received,2025-11-10 00:00:00,2025-11-13 00:00:00,2025-11-30 00:00:00,False
PO000282,G000000281,SUP010,388,381.53,148033.64,received,2025-09-17 00:00:00,2025-09-22 00:00:00,2025-11-02 00:00:00,False
PO000283,G000000282,SUP010,163,221.58,36117.54,received,2025-06-19 00:00:00,2025-06-20 00:00:00,2025-07-23 00:00:00,False
PO000284,G000000283,SUP012,456,314.3,143320.8,received,2025-08-31 00:00:00,2025-09-03 00:00:00,2025-10-17 00:00:00,False
PO000285,G000000284,SUP012,36,268.83,9677.88,received,2025-11-19 00:00:00,2025-11-24 00:00:00,2025-12-25 00:00:00,True
PO000286,G000000285,SUP011,134,28.73,3849.82,draft,2025-02-26 00:00:00,,,False
PO000287,G000000286,SUP008,170,197.17,33518.9,received,2025-04-15 00:00:00,2025-04-19 00:00:00,2025-05-28 00:00:00,False
PO000288,G000000287,SUP008,456,384.04,175122.24,approved,2025-03-12 00:00:00,2025-03-17 00:00:00,,False
PO000289,G000000288,SUP006,349,223.09,77858.41,received,2025-03-30 00:00:00,2025-04-03 00:00:00,2025-05-14 00:00:00,False
PO000290,G000000289,SUP006,356,350.82,124891.92,approved,2025-11-26 00:00:00,2025-11-29 00:00:00,,False
PO000291,G000000290,SUP004,500,122.24,61120.0,received,2025-04-26 00:00:00,2025-04-29 00:00:00,2025-05-24 00:00:00,False
PO000292,G000000291,SUP012,370,227.72,84256.4,received,2025-10-14 00:00:00,2025-10-17 00:00:00,2025-11-11 00:00:00,True
PO000293,G000000292,SUP011,288,180.17,51888.96,draft,2025-06-26 00:00:00,,,False
PO000294,G000000293,SUP003,158,33.3,5261.4,draft,2025-02-10 00:00:00,,,True
PO000295,G000000294,SUP008,345,126.55,43659.75,received,2025-04-14 00:00:00,2025-04-19 00:00:00,2025-05-13 00:00:00,False
PO000296,G000000295,SUP012,149,74.71,11131.79,approved,2025-10-28 00:00:00,2025-10-30 00:00:00,,True
PO000297,G000000296,SUP011,473,246.0,116358.0,approved,2025-01-27 00:00:00,2025-01-28 00:00:00,,False
PO000298,G000000297,SUP012,251,58.74,14743.74,approved,2025-01-03 00:00:00,2025-01-08 00:00:00,,False
PO000299,G000000298,SUP003,218,299.01,65184.18,draft,2025-09-01 00:00:00,,,False
PO000300,G000000299,SUP004,397,434.3,172417.1,received,2025-11-27 00:00:00,2025-11-28 00:00:00,2025-12-10 00:00:00,False
PO000301,G000000300,SUP004,283,336.33,95181.39,draft,2025-01-20 00:00:00,,,False
PO000302,G000000301,SUP003,223,398.78,88927.94,received,2025-01-19 00:00:00,2025-01-23 00:00:00,2025-03-02 00:00:00,True
PO000303,G000000302,SUP012,456,417.83,190530.48,draft,2025-01-05 00:00:00,,,True
PO000304,G000000303,SUP010,64,418.88,26808.32,received,2025-08-21 00:00:00,2025-08-26 00:00:00,2025-10-05 00:00:00,False
PO000305,G000000304,SUP003,445,234.33,104276.85,received,2025-02-27 00:00:00,2025-03-02 00:00:00,2025-03-19 00:00:00,False
PO000306,G000000305,SUP011,141,327.59,46190.19,received,2025-06-22 00:00:00,2025-06-25 00:00:00,2025-08-07 00:00:00,False
PO000307,G000000306,SUP004,99,280.77,27796.23,approved,2025-07-27 00:00:00,2025-07-31 00:00:00,,False
PO000308,G000000307,SUP002,215,306.13,65817.95,received,2025-03-13 00:00:00,2025-03-17 00:00:00,2025-04-13 00:00:00,False
PO000309,G000000308,SUP001,143,181.85,26004.55,received,2025-05-17 00:00:00,2025-05-20 00:00:00,2025-06-15 00:00:00,False
PO000310,G000000309,SUP010,15,128.78,1931.7,received,2025-05-01 00:00:00,2025-05-02 00:00:00,2025-05-16 00:00:00,False
PO000311,G000000310,SUP003,217,313.44,68016.48,draft,2025-06-09 00:00:00,,,False
PO000312,G000000311,SUP011,479,424.18,203182.22,received,2025-04-24 00:00:00,2025-04-26 00:00:00,2025-05-11 00:00:00,False
PO000313,G000000312,SUP008,392,445.14,174494.88,received,2025-10-09 00:00:00,2025-10-13 00:00:00,2025-11-23 00:00:00,False
PO000314,G000000313,SUP004,400,122.65,49060.0,approved,2025-02-11 00:00:00,2025-02-16 00:00:00,,False
PO000315,G000000314,SUP012,195,48.97,9549.15,received,2025-02-01 00:00:00,2025-02-06 00:00:00,2025-03-17 00:00:00,True
PO000316,G000000315,SUP009,86,86.57,7445.02,draft,2025-08-15 00:00:00,,,False
PO000317,G000000316,SUP004,377,268.67,101288.59,received,2025-09-19 00:00:00,2025-09-23 00:00:00,2025-10-03 00:00:00,False
PO000318,G000000317,SUP009,222,213.71,47443.62,received,2025-08-25 00:00:00,2025-08-28 00:00:00,2025-09-05 00:00:00,False
PO000319,G000000318,SUP001,391,109.79,42927.89,received,2025-08-05 00:00:00,2025-08-08 00:00:00,2025-08-19 00:00:00,False
PO000320,G000000319,SUP001,488,403.99,197147.12,draft,2025-08-30 00:00:00,,,True
PO000321,G000000320,SUP007,102,349.5,35649.0,approved,2025-11-27 00:00:00,2025-12-01 00:00:00,,False
PO000322,G000000321,SUP007,239,393.28,93993.92,draft,2025-07-12 00:00:00,,,True
PO000323,G000000322,SUP011,457,249.6,114067.2,approved,2025-06-28 00:00:00,2025-06-29 00:00:00,,False
PO000324,G000000323,SUP009,211,245.05,51705.55,approved,2025-04-25 00:00:00,2025-04-26 00:00:00,,False
PO000325,G000000324,SUP005,247,307.97,76068.59,received,2025-09-30 00:00:00,2025-10-04 00:00:00,2025-10-25 00:00:00,True
PO000326,G000000325,SUP006,89,134.91,12006.99,draft,2025-02-27 00:00:00,,,True
PO000327,G000000326,SUP011,224,282.49,63277.76,draft,2025-01-09 00:00:00,,,False
PO000328,G000000327,SUP002,61,273.37,16675.57,received,2025-12-11 00:00:00,2025-12-12 00:00:00,2026-01-03 00:00:00,False
PO000329,G000000328,SUP007,234,116.94,27363.96,received,2025-01-29 00:00:00,2025-01-31 00:00:00,2025-03-11 00:00:00,False
PO000330,G000000329,SUP004,427,413.63,176620.01,received,2025-10-23 00:00:00,2025-10-28 00:00:00,2025-11-24 00:00:00,False
PO000331,G000000330,SUP003,348,241.74,84125.52,received,2025-05-21 00:00:00,2025-05-22 00:00:00,2025-07-03 00:00:00,False
PO000332,G000000331,SUP012,476,91.18,43401.68,approved,2025-10-12 00:00:00,2025-10-16 00:00:00,,True
PO000333,G000000332,SUP006,492,294.84,145061.28,received,2025-09-26 00:00:00,2025-09-29 00:00:00,2025-11-01 00:00:00,False
PO000334,G000000333,SUP005,202,94.99,19187.98,received,2025-05-04 00:00:00,2025-05-06 00:00:00,2025-06-01 00:00:00,False
PO000335,G000000334,SUP003,422,216.42,91329.24,received,2025-07-31 00:00:00,2025-08-04 00:00:00,2025-09-15 00:00:00,False
PO000336,G000000335,SUP007,134,125.92,16873.28,received,2025-02-10 00:00:00,2025-02-14 00:00:00,2025-03-16 00:00:00,True
PO000337,G000000336,SUP012,434,97.86,42471.24,received,2025-12-11 00:00:00,2025-12-16 00:00:00,2026-01-30 00:00:00,True
PO000338,G000000337,SUP002,106,365.02,38692.12,received,2025-12-10 00:00:00,2025-12-15 00:00:00,2026-01-04 00:00:00,False
PO000339,G000000338,SUP006,165,431.3,71164.5,received,2025-04-08 00:00:00,2025-04-09 00:00:00,2025-05-16 00:00:00,False
PO000340,G000000339,SUP012,319,321.14,102443.66,received,2025-05-03 00:00:00,2025-05-08 00:00:00,2025-06-04 00:00:00,False
PO000341,G000000340,SUP007,248,247.14,61290.72,received,2025-05-14 00:00:00,2025-05-17 00:00:00,2025-06-25 00:00:00,False
PO000342,G000000341,SUP008,60,364.23,21853.8,approved,2025-06-13 00:00:00,2025-06-15 00:00:00,,False
PO000343,G000000342,SUP007,33,259.7,8570.1,received,2025-03-16 00:00:00,2025-03-17 00:00:00,2025-04-09 00:00:00,False
PO000344,G000000343,SUP010,306,328.21,100432.26,received,2025-04-11 00:00:00,2025-04-14 00:00:00,2025-05-05 00:00:00,False
PO000345,G000000344,SUP004,265,254.53,67450.45,draft,2025-06-22 00:00:00,,,False
PO000346,G000000345,SUP008,380,294.14,111773.2,received,2025-03-28 00:00:00,2025-03-31 00:00:00,2025-04-17 00:00:00,False
PO000347,G000000346,SUP009,260,95.06,24715.6,draft,2025-11-25 00:00:00,,,False
PO000348,G000000347,SUP009,27,379.99,10259.73,received,2025-12-09 00:00:00,2025-12-10 00:00:00,2025-12-17 00:00:00,False
PO000349,G000000348,SUP011,128,44.57,5704.96,received,2025-04-22 00:00:00,2025-04-27 00:00:00,2025-06-02 00:00:00,False
PO000350,G000000349,SUP010,336,305.04,102493.44,approved,2025-09-05 00:00:00,2025-09-09 00:00:00,,True
PO000351,G000000350,SUP009,292,193.93,56627.56,received,2025-05-21 00:00:00,2025-05-26 00:00:00,2025-06-20 00:00:00,True
PO000352,G000000351,SUP012,355,202.3,71816.5,draft,2025-04-02 00:00:00,,,True
PO000353,G000000352,SUP002,278,79.77,22176.06,received,2025-09-27 00:00:00,2025-09-30 00:00:00,2025-10-29 00:00:00,True
PO000354,G000000353,SUP007,50,177.28,8864.0,received,2025-10-17 00:00:00,2025-10-19 00:00:00,2025-11-09 00:00:00,True
PO000355,G000000354,SUP002,344,446.38,153554.72,approved,2025-01-17 00:00:00,2025-01-18 00:00:00,,False
PO000356,G000000355,SUP007,292,222.06,64841.52,approved,2025-03-29 00:00:00,2025-03-30 00:00:00,,False
PO000357,G000000356,SUP007,340,356.2,121108.0,received,2025-02-18 00:00:00,2025-02-23 00:00:00,2025-03-04 00:00:00,True
PO000358,G000000357,SUP012,464,261.55,121359.2,received,2025-02-08 00:00:00,2025-02-11 00:00:00,2025-03-24 00:00:00,False
PO000359,G000000358,SUP001,101,419.01,42320.01,received,2025-04-17 00:00:00,2025-04-22 00:00:00,2025-05-08 00:00:00,False
PO000360,G000000359,SUP012,430,188.26,80951.8,received,2025-03-25 00:00:00,2025-03-30 00:00:00,2025-04-21 00:00:00,False
PO000361,G000000360,SUP007,356,404.99,144176.44,received,2025-03-13 00:00:00,2025-03-14 00:00:00,2025-04-22 00:00:00,False
PO000362,G000000361,SUP006,37,57.49,2127.13,received,2025-02-08 00:00:00,2025-02-11 00:00:00,2025-03-28 00:00:00,False
PO000363,G000000362,SUP010,213,436.48,92970.24,received,2025-11-21 00:00:00,2025-11-24 00:00:00,2025-12-29 00:00:00,False
PO000364,G000000363,SUP006,293,424.4,124349.2,received,2025-12-15 00:00:00,2025-12-20 00:00:00,2026-01-20 00:00:00,False
PO000365,G000000364,SUP010,161,362.15,58306.15,approved,2025-02-12 00:00:00,2025-02-15 00:00:00,,True
PO000366,G000000365,SUP012,411,290.75,119498.25,approved,2025-06-12 00:00:00,2025-06-15 00:00:00,,True
PO000367,G000000366,SUP001,492,149.1,73357.2,received,2025-05-19 00:00:00,2025-05-20 00:00:00,2025-06-04 00:00:00,False
PO000368,G000000367,SUP007,239,257.29,61492.31,received,2025-02-22 00:00:00,2025-02-23 00:00:00,2025-03-07 00:00:00,False
PO000369,G000000368,SUP002,315,275.15,86672.25,received,2025-07-17 00:00:00,2025-07-18 00:00:00,2025-08-12 00:00:00,False
PO000370,G000000369,SUP002,381,406.99,155063.19,draft,2025-05-05 00:00:00,,,False
PO000371,G000000370,SUP003,360,180.62,65023.2,received,2025-06-04 00:00:00,2025-06-07 00:00:00,2025-07-15 00:00:00,True
PO000372,G000000371,SUP003,232,135.04,31329.28,received,2025-02-09 00:00:00,2025-02-12 00:00:00,2025-03-07 00:00:00,False
PO000373,G000000372,SUP012,330,230.67,76121.1,approved,2025-08-23 00:00:00,2025-08-24 00:00:00,,True
PO000374,G000000373,SUP001,495,187.13,92629.35,approved,2025-07-14 00:00:00,2025-07-17 00:00:00,,False
PO000375,G000000374,SUP007,427,373.24,159373.48,approved,2025-11-01 00:00:00,2025-11-03 00:00:00,,True
PO000376,G000000375,SUP010,495,317.45,157137.75,received,2025-04-01 00:00:00,2025-04-05 00:00:00,2025-05-02 00:00:00,True
PO000377,G000000376,SUP012,334,228.59,76349.06,received,2025-05-05 00:00:00,2025-05-08 00:00:00,2025-06-08 00:00:00,True
PO000378,G000000377,SUP007,196,64.54,12649.84,received,2025-10-31 00:00:00,2025-11-05 00:00:00,2025-11-23 00:00:00,False
PO000379,G000000378,SUP009,23,429.56,9879.88,received,2025-04-18 00:00:00,2025-04-22 00:00:00,2025-05-17 00:00:00,False
PO000380,G000000379,SUP002,429,383.79,164645.91,approved,2025-12-11 00:00:00,2025-12-15 00:00:00,,True
PO000381,G000000380,SUP005,133,124.92,16614.36,received,2025-08-05 00:00:00,2025-08-09 00:00:00,2025-08-20 00:00:00,False
PO000382,G000000381,SUP010,255,268.28,68411.4,received,2025-08-03 00:00:00,2025-08-08 00:00:00,2025-08-17 00:00:00,False
PO000383,G000000382,SUP006,369,404.54,149275.26,received,2025-11-23 00:00:00,2025-11-24 00:00:00,2025-12-07 00:00:00,False
PO000384,G000000383,SUP011,350,169.43,59300.5,approved,2025-01-23 00:00:00,2025-01-28 00:00:00,,False
PO000385,G000000384,SUP011,341,188.83,64391.03,approved,2025-08-09 00:00:00,2025-08-10 00:00:00,,True
PO000386,G000000385,SUP005,123,237.14,29168.22,received,2025-10-25 00:00:00,2025-10-30 00:00:00,2025-11-20 00:00:00,False
PO000387,G000000386,SUP007,247,350.97,86689.59,received,2025-09-14 00:00:00,2025-09-16 00:00:00,2025-10-15 00:00:00,False
PO000388,G000000387,SUP008,63,143.51,9041.13,draft,2025-02-13 00:00:00,,,False
PO000389,G000000388,SUP012,82,166.52,13654.64,received,2025-04-16 00:00:00,2025-04-21 00:00:00,2025-05-28 00:00:00,True
PO000390,G000000389,SUP002,234,329.07,77002.38,received,2025-02-04 00:00:00,2025-02-07 00:00:00,2025-02-16 00:00:00,False
PO000391,G000000390,SUP002,21,384.39,8072.19,approved,2025-12-13 00:00:00,2025-12-15 00:00:00,,False
PO000392,G000000391,SUP012,134,239.46,32087.64,received,2025-06-19 00:00:00,2025-06-24 00:00:00,2025-07-28 00:00:00,False
PO000393,G000000392,SUP004,418,191.2,79921.6,received,2025-11-24 00:00:00,2025-11-28 00:00:00,2025-12-30 00:00:00,True
PO000394,G000000393,SUP010,462,100.84,46588.08,received,2025-07-19 00:00:00,2025-07-20 00:00:00,2025-08-09 00:00:00,True
PO000395,G000000394,SUP012,424,361.26,153174.24,received,2025-10-02 00:00:00,2025-10-04 00:00:00,2025-11-03 00:00:00,True
PO000396,G000000395,SUP008,68,129.12,8780.16,draft,2025-09-28 00:00:00,,,False
PO000397,G000000396,SUP006,315,184.06,57978.9,received,2025-02-28 00:00:00,2025-03-03 00:00:00,2025-04-01 00:00:00,False
PO000398,G000000397,SUP010,98,368.98,36160.04,approved,2025-06-02 00:00:00,2025-06-07 00:00:00,,False
PO000399,G000000398,SUP011,78,151.24,11796.72,received,2025-03-01 00:00:00,2025-03-03 00:00:00,2025-04-02 00:00:00,False
PO000400,G000000399,SUP009,208,196.93,40961.44,received,2025-07-16 00:00:00,2025-07-20 00:00:00,2025-08-07 00:00:00,False
PO000401,G000000400,SUP009,365,414.84,151416.6,draft,2025-03-30 00:00:00,,,False
PO000402,G000000401,SUP008,157,76.03,11936.71,received,2025-08-19 00:00:00,2025-08-24 00:00:00,2025-09-03 00:00:00,False
PO000403,G000000402,SUP001,258,74.39,19192.62,approved,2025-10-15 00:00:00,2025-10-20 00:00:00,,False
PO000404,G000000403,SUP007,360,228.9,82404.0,approved,2025-08-16 00:00:00,2025-08-20 00:00:00,,True
PO000405,G000000404,SUP010,25,361.21,9030.25,received,2025-01-17 00:00:00,2025-01-20 00:00:00,2025-02-10 00:00:00,False
PO000406,G000000405,SUP003,409,213.93,87497.37,approved,2025-09-11 00:00:00,2025-09-16 00:00:00,,False
PO000407,G000000406,SUP010,68,131.53,8944.04,received,2025-07-07 00:00:00,2025-07-12 00:00:00,2025-07-21 00:00:00,False
PO000408,G000000407,SUP008,289,110.07,31810.23,received,2025-12-01 00:00:00,2025-12-03 00:00:00,2025-12-29 00:00:00,False
PO000409,G000000408,SUP001,240,129.32,31036.8,draft,2025-02-14 00:00:00,,,False
PO000410,G000000409,SUP002,407,368.17,149845.19,received,2025-10-29 00:00:00,2025-11-01 00:00:00,2025-12-05 00:00:00,True
PO000411,G000000410,SUP003,411,104.88,43105.68,received,2025-01-31 00:00:00,2025-02-05 00:00:00,2025-03-06 00:00:00,False
PO000412,G000000411,SUP010,285,88.24,25148.4,draft,2025-05-30 00:00:00,,,True
PO000413,G000000412,SUP005,497,388.24,192955.28,draft,2025-12-14 00:00:00,,,False
PO000414,G000000413,SUP003,394,356.78,140571.32,draft,2025-05-22 00:00:00,,,False
PO000415,G000000414,SUP003,369,391.74,144552.06,received,2025-06-14 00:00:00,2025-06-16 00:00:00,2025-07-18 00:00:00,False
PO000416,G000000415,SUP010,333,131.89,43919.37,received,2025-08-20 00:00:00,2025-08-21 00:00:00,2025-09-02 00:00:00,False
PO000417,G000000416,SUP012,152,317.2,48214.4,draft,2025-08-21 00:00:00,,,False
PO000418,G000000417,SUP006,307,16.08,4936.56,approved,2025-02-17 00:00:00,2025-02-21 00:00:00,,False
PO000419,G000000418,SUP012,193,384.8,74266.4,approved,2025-07-23 00:00:00,2025-07-25 00:00:00,,False
PO000420,G000000419,SUP004,263,131.81,34666.03,approved,2025-06-22 00:00:00,2025-06-27 00:00:00,,False
PO000421,G000000420,SUP010,446,226.12,100849.52,received,2025-12-16 00:00:00,2025-12-17 00:00:00,2025-12-26 00:00:00,True
PO000422,G000000421,SUP008,18,69.04,1242.72,draft,2025-08-14 00:00:00,,,False
PO000423,G000000422,SUP007,113,448.13,50638.69,draft,2025-11-29 00:00:00,,,True
PO000424,G000000423,SUP005,57,299.75,17085.75,received,2025-07-10 00:00:00,2025-07-12 00:00:00,2025-07-22 00:00:00,False
PO000425,G000000424,SUP005,381,319.26,121638.06,received,2025-12-02 00:00:00,2025-12-03 00:00:00,2025-12-16 00:00:00,True
PO000426,G000000425,SUP008,49,72.72,3563.28,received,2025-12-15 00:00:00,2025-12-19 00:00:00,2025-12-26 00:00:00,True
PO000427,G000000426,SUP006,428,67.46,28872.88,draft,2025-03-09 00:00:00,,,False
PO000428,G000000427,SUP004,206,53.86,11095.16,approved,2025-02-22 00:00:00,2025-02-25 00:00:00,,False
PO000429,G000000428,SUP005,80,181.48,14518.4,approved,2025-03-10 00:00:00,2025-03-12 00:00:00,,True
PO000430,G000000429,SUP010,14,280.49,3926.86,received,2025-06-29 00:00:00,2025-07-01 00:00:00,2025-07-17 00:00:00,False
PO000431,G000000430,SUP010,361,207.44,74885.84,received,2025-02-21 00:00:00,2025-02-23 00:00:00,2025-03-09 00:00:00,False
PO000432,G000000431,SUP007,189,434.01,82027.89,received,2025-03-13 00:00:00,2025-03-15 00:00:00,2025-04-08 00:00:00,False
PO000433,G000000432,SUP004,293,276.43,80993.99,approved,2025-05-26 00:00:00,2025-05-27 00:00:00,,False
PO000434,G000000433,SUP011,458,146.22,66968.76,received,2025-09-18 00:00:00,2025-09-20 00:00:00,2025-10-22 00:00:00,False
PO000435,G000000434,SUP001,411,405.59,166697.49,draft,2025-09-11 00:00:00,,,False
PO000436,G000000435,SUP004,265,292.57,77531.05,received,2025-01-07 00:00:00,2025-01-10 00:00:00,2025-02-06 00:00:00,False
PO000437,G000000436,SUP010,225,173.95,39138.75,approved,2025-08-30 00:00:00,2025-08-31 00:00:00,,True
PO000438,G000000437,SUP002,17,129.05,2193.85,received,2025-01-31 00:00:00,2025-02-04 00:00:00,2025-03-15 00:00:00,True
PO000439,G000000438,SUP012,266,348.69,92751.54,received,2025-07-25 00:00:00,2025-07-26 00:00:00,2025-09-05 00:00:00,False
PO000440,G000000439,SUP003,152,51.36,7806.72,received,2025-04-15 00:00:00,2025-04-17 00:00:00,2025-05-28 00:00:00,True
PO000441,G000000440,SUP010,334,347.0,115898.0,approved,2025-11-26 00:00:00,2025-11-27 00:00:00,,True
PO000442,G000000441,SUP007,383,429.74,164590.42,received,2025-05-06 00:00:00,2025-05-07 00:00:00,2025-06-10 00:00:00,True
PO000443,G000000442,SUP010,321,38.94,12499.74,approved,2025-12-03 00:00:00,2025-12-05 00:00:00,,True
PO000444,G000000443,SUP012,80,320.15,25612.0,received,2025-06-27 00:00:00,2025-07-02 00:00:00,2025-08-11 00:00:00,False
PO000445,G000000444,SUP012,142,87.63,12443.46,received,2025-05-18 00:00:00,2025-05-19 00:00:00,2025-05-27 00:00:00,True
PO000446,G000000445,SUP007,149,242.88,36189.12,received,2025-10-23 00:00:00,2025-10-24 00:00:00,2025-12-01 00:00:00,False
PO000447,G000000446,SUP006,38,232.33,8828.54,received,2025-07-08 00:00:00,2025-07-10 00:00:00,2025-08-02 00:00:00,False
PO000448,G000000447,SUP010,355,329.41,116940.55,received,2025-09-18 00:00:00,2025-09-19 00:00:00,2025-09-28 00:00:00,False
PO000449,G000000448,SUP001,135,35.0,4725.0,received,2025-03-18 00:00:00,2025-03-20 00:00:00,2025-03-29 00:00:00,False
PO000450,G000000449,SUP012,389,300.23,116789.47,received,2025-05-08 00:00:00,2025-05-12 00:00:00,2025-06-08 00:00:00,True
PO000451,G000000450,SUP002,302,177.17,53505.34,received,2025-01-27 00:00:00,2025-01-29 00:00:00,2025-02-19 00:00:00,False
PO000452,G000000451,SUP001,498,189.4,94321.2,draft,2025-05-25 00:00:00,,,False
PO000453,G000000452,SUP005,177,52.58,9306.66,received,2025-07-08 00:00:00,2025-07-10 00:00:00,2025-08-04 00:00:00,False
PO000454,G000000453,SUP005,388,285.88,110921.44,received,2025-10-30 00:00:00,2025-11-03 00:00:00,2025-11-22 00:00:00,False
PO000455,G000000454,SUP009,399,361.25,144138.75,received,2025-07-29 00:00:00,2025-07-30 00:00:00,2025-08-20 00:00:00,False
PO000456,G000000455,SUP011,439,316.66,139013.74,received,2025-06-21 00:00:00,2025-06-22 00:00:00,2025-07-23 00:00:00,False
PO000457,G000000456,SUP012,167,60.22,10056.74,received,2025-05-02 00:00:00,2025-05-06 00:00:00,2025-06-13 00:00:00,False
PO000458,G000000457,SUP003,374,136.72,51133.28,received,2025-04-29 00:00:00,2025-05-04 00:00:00,2025-06-06 00:00:00,False
PO000459,G000000458,SUP006,244,438.93,107098.92,received,2025-02-18 00:00:00,2025-02-23 00:00:00,2025-03-10 00:00:00,False
PO000460,G000000459,SUP007,48,272.47,13078.56,received,2025-12-06 00:00:00,2025-12-08 00:00:00,2025-12-30 00:00:00,True
PO000461,G000000460,SUP006,484,363.36,175866.24,approved,2025-06-17 00:00:00,2025-06-20 00:00:00,,False
PO000462,G000000461,SUP004,48,425.45,20421.6,received,2025-10-27 00:00:00,2025-10-28 00:00:00,2025-11-13 00:00:00,False
PO000463,G000000462,SUP008,248,151.6,37596.8,received,2025-07-03 00:00:00,2025-07-05 00:00:00,2025-08-09 00:00:00,False
PO000464,G000000463,SUP005,446,67.16,29953.36,received,2025-06-05 00:00:00,2025-06-10 00:00:00,2025-06-19 00:00:00,True
PO000465,G000000464,SUP006,85,54.68,4647.8,received,2025-07-02 00:00:00,2025-07-06 00:00:00,2025-08-14 00:00:00,True
PO000466,G000000465,SUP005,143,371.74,53158.82,received,2025-07-27 00:00:00,2025-07-31 00:00:00,2025-09-11 00:00:00,False
PO000467,G000000466,SUP004,58,215.99,12527.42,approved,2025-03-13 00:00:00,2025-03-14 00:00:00,,True
PO000468,G000000467,SUP004,76,101.19,7690.44,received,2025-11-19 00:00:00,2025-11-20 00:00:00,2026-01-03 00:00:00,False
PO000469,G000000468,SUP002,21,448.77,9424.17,received,2025-11-27 00:00:00,2025-12-01 00:00:00,2025-12-16 00:00:00,True
PO000470,G000000469,SUP006,72,33.57,2417.04,received,2025-03-28 00:00:00,2025-04-02 00:00:00,2025-05-06 00:00:00,False
PO000471,G000000470,SUP007,264,27.82,7344.48,approved,2025-03-30 00:00:00,2025-04-02 00:00:00,,True
PO000472,G000000471,SUP003,150,136.74,20511.0,draft,2025-01-18 00:00:00,,,False
PO000473,G000000472,SUP010,135,296.57,40036.95,received,2025-10-09 00:00:00,2025-10-13 00:00:00,2025-10-23 00:00:00,True
PO000474,G000000473,SUP007,80,197.37,15789.6,approved,2025-09-27 00:00:00,2025-09-29 00:00:00,,False
PO000475,G000000474,SUP009,416,23.5,9776.0,received,2025-07-03 00:00:00,2025-07-07 00:00:00,2025-08-17 00:00:00,False
PO000476,G000000475,SUP006,477,261.06,124525.62,received,2025-05-19 00:00:00,2025-05-21 00:00:00,2025-05-29 00:00:00,False
PO000477,G000000476,SUP004,25,404.66,10116.5,approved,2025-01-30 00:00:00,2025-02-03 00:00:00,,False
PO000478,G000000477,SUP010,129,438.68,56589.72,received,2025-12-03 00:00:00,2025-12-05 00:00:00,2025-12-29 00:00:00,False
PO000479,G000000478,SUP012,38,347.36,13199.68,draft,2025-10-22 00:00:00,,,False
PO000480,G000000479,SUP007,191,421.81,80565.71,draft,2025-03-30 00:00:00,,,True
PO000481,G000000480,SUP010,172,365.7,62900.4,approved,2025-10-30 00:00:00,2025-10-31 00:00:00,,False
PO000482,G000000481,SUP006,495,261.93,129655.35,received,2025-04-07 00:00:00,2025-04-11 00:00:00,2025-05-22 00:00:00,False
PO000483,G000000482,SUP008,29,54.26,1573.54,received,2025-04-23 00:00:00,2025-04-24 00:00:00,2025-06-03 00:00:00,False
PO000484,G000000483,SUP006,479,282.15,135149.85,approved,2025-06-24 00:00:00,2025-06-26 00:00:00,,False
PO000485,G000000484,SUP006,40,24.53,981.2,received,2025-03-14 00:00:00,2025-03-15 00:00:00,2025-04-24 00:00:00,False
PO000486,G000000485,SUP002,201,321.47,64615.47,approved,2025-10-28 00:00:00,2025-10-29 00:00:00,,True
PO000487,G000000486,SUP006,79,439.5,34720.5,approved,2025-08-12 00:00:00,2025-08-16 00:00:00,,False
PO000488,G000000487,SUP003,372,436.4,162340.8,approved,2025-11-11 00:00:00,2025-11-14 00:00:00,,True
PO000489,G000000488,SUP010,427,91.28,38976.56,received,2025-05-31 00:00:00,2025-06-02 00:00:00,2025-06-20 00:00:00,False
PO000490,G000000489,SUP012,495,264.18,130769.1,draft,2025-10-18 00:00:00,,,True
PO000491,G000000490,SUP010,172,415.65,71491.8,draft,2025-04-24 00:00:00,,,False
PO000492,G000000491,SUP002,489,230.84,112880.76,received,2025-02-09 00:00:00,2025-02-11 00:00:00,2025-03-12 00:00:00,False
PO000493,G000000492,SUP003,335,400.11,134036.85,received,2025-12-10 00:00:00,2025-12-13 00:00:00,2026-01-17 00:00:00,True
PO000494,G000000493,SUP004,137,316.53,43364.61,received,2025-02-25 00:00:00,2025-02-26 00:00:00,2025-03-08 00:00:00,False
PO000495,G000000494,SUP012,224,436.56,97789.44,draft,2025-09-10 00:00:00,,,False
PO000496,G000000495,SUP006,289,178.28,51522.92,approved,2025-10-23 00:00:00,2025-10-25 00:00:00,,False
PO000497,G000000496,SUP002,419,382.91,160439.29,received,2025-06-13 00:00:00,2025-06-16 00:00:00,2025-06-29 00:00:00,True
PO000498,G000000497,SUP003,464,178.32,82740.48,approved,2025-10-08 00:00:00,2025-10-09 00:00:00,,True
PO000499,G000000498,SUP010,467,224.99,105070.33,received,2025-12-01 00:00:00,2025-12-03 00:00:00,2026-01-17 00:00:00,False
PO000500,G000000499,SUP003,37,59.05,2184.85,received,2025-04-08 00:00:00,2025-04-12 00:00:00,2025-05-24 00:00:00,False
